id,국가,그룹,스타일(DB 원문),자동 추출 styleTags,태그 수,스타일 원문 중 태그로 안 옮겨진 것,소개글 키워드로 보충된 태그,검수 사유,활동형태(DB),활동상태,검증상태,확정 styleTags(검수 후 채우기),확정 활동형태(검수 후 채우기)
KR-001,KR,BLACKPINK,걸크러시/글로벌 팝,걸크러시|글로벌|팝,3,,,,(없음),현역,1차 검증완료,,
KR-002,KR,TWICE,팝/카와이,팝|카와이|퍼포먼스,3,,퍼포먼스,소개글 키워드로 보충됨,(없음),현역(9인 그룹 활동 유지),공식확인(2026-09-28),,
KR-003,KR,aespa,일렉트로/퍼포먼스,일렉트로|퍼포먼스,2,,,,(없음),현역,1차 검증완료,,
KR-004,KR,IVE,팝/청춘,팝|청춘,2,,,,(없음),현역,1차 검증완료,,
KR-005,KR,LE SSERAFIM,퍼포먼스/걸크러시,퍼포먼스|걸크러시,2,,,,(없음),현역,1차 검증완료,,
KR-006,KR,i-dle,자체제작/걸크러시,걸크러시,1,자체제작,,태그 1개 이하; 스타일 원문 일부가 태그로 안 옮겨짐,(없음),현역,1차 검증완료,,
KR-007,KR,BABYMONSTER,힙합/퍼포먼스,힙합|퍼포먼스|보컬,3,,보컬,소개글 키워드로 보충됨,(없음),현역,1차 검증완료,,
KR-008,KR,NewJeans,이지리스닝/Y2K,팝|세련됨|레트로,3,이지리스닝|Y2K,팝|세련됨|레트로,스타일 원문 일부가 태그로 안 옮겨짐; 소개글 키워드로 보충됨,(없음),복귀 준비/4인 체제,공식/보도확인(2026-09-28),,
KR-009,KR,ILLIT,카와이/이지리스닝,카와이|팝|세련됨,3,이지리스닝,팝|세련됨,스타일 원문 일부가 태그로 안 옮겨짐; 소개글 키워드로 보충됨,(없음),현역,1차 검증완료,,
KR-010,KR,NMIXX,믹스팝/보컬,팝|보컬|퍼포먼스,3,,퍼포먼스,소개글 키워드로 보충됨,(없음),현역,1차 검증완료,,
KR-011,KR,Red Velvet,팝/R&B,팝|R&B|보컬,3,,보컬,소개글 키워드로 보충됨,(없음),현역(5인 완전체 활동),공식확인(2026-09-28),,
KR-012,KR,Hearts2Hearts,청순/몽환,청순|몽환,2,,,,(없음),현역,1차 검증완료,,
KR-013,KR,KiiiKiii,하이틴/팝,청춘|팝,2,하이틴,청춘,스타일 원문 일부가 태그로 안 옮겨짐; 소개글 키워드로 보충됨,(없음),현역,1차 검증완료,,
KR-014,KR,KATSEYE,글로벌 팝/퍼포먼스,글로벌|팝|퍼포먼스,3,,,,(없음),현역(6인 공식 멤버 / Manon·Sophia 활동휴지),공식확인(2026-09-28),,
KR-015,KR,QWER,밴드/팝록,밴드|록|팝,3,,,,(없음),아이돌 밴드 참고군,1차 검증완료,,
KR-016,KR,ITZY,퍼포먼스/틴크러시,퍼포먼스|걸크러시,2,틴크러시,걸크러시,스타일 원문 일부가 태그로 안 옮겨짐; 소개글 키워드로 보충됨,(없음),현역,1차 검증완료,,
KR-017,KR,MAMAMOO,보컬/R&B,보컬|R&B,2,,,,(없음),완전체 활동 재개,1차 검증완료,,
KR-018,KR,KISS OF LIFE,R&B/퍼포먼스,R&B|퍼포먼스|보컬,3,,보컬,소개글 키워드로 보충됨,(없음),현역,1차 검증완료,,
KR-019,KR,tripleS,대형 프로젝트/팝,팝,1,대형 프로젝트,,태그 1개 이하; 스타일 원문 일부가 태그로 안 옮겨짐,(없음),현역,1차 검증완료,,
KR-020,KR,RESCENE,몽환/팝,몽환|팝,2,,,,(없음),현역/급상승,1차 검증완료,,
KR-021,KR,MEOVV,힙합/걸크러시,힙합|걸크러시|퍼포먼스,3,,퍼포먼스,소개글 키워드로 보충됨,(없음),현역,1차 검증완료,,
KR-022,KR,fromis_9,청량/팝,청춘|팝,2,청량,청춘,스타일 원문 일부가 태그로 안 옮겨짐; 소개글 키워드로 보충됨,(없음),현역/아시아 투어,1차 검증완료,,
KR-023,KR,I.O.I,프로젝트/팝,팝,1,프로젝트,,태그 1개 이하; 스타일 원문 일부가 태그로 안 옮겨짐,(없음),2026 재결합 활동,1차 검증완료,,
KR-024,KR,izna,퍼포먼스/팝,퍼포먼스|팝,2,,,,(없음),현역(6인 체제),공식확인(2026-09-28),,
KR-025,KR,STAYC,틴팝/청량,청춘|팝|보컬,3,청량,청춘|보컬,스타일 원문 일부가 태그로 안 옮겨짐; 소개글 키워드로 보충됨,(없음),현역,1차 검증완료,,
KR-026,KR,FIFTY FIFTY,팝/이지리스닝,팝|세련됨|보컬,3,이지리스닝,세련됨|보컬,스타일 원문 일부가 태그로 안 옮겨짐; 소개글 키워드로 보충됨,(없음),현역,1차 검증완료,,
KR-027,KR,ARTMS,아트팝/몽환,몽환|실험적|팝,3,,실험적,소개글 키워드로 보충됨,(없음),현역,1차 검증완료,,
KR-028,KR,Apink,청순/팝,청순|팝,2,,,,(없음),현역/비정기 완전체 활동,공식/보도확인(2026-09-28),,
KR-029,KR,Kep1er,퍼포먼스/팝,퍼포먼스|팝,2,,,,(없음),현역(6인 체제),공식확인(2026-09-28),,
KR-030,KR,Dreamcatcher,록/다크,록|다크|퍼포먼스,3,,퍼포먼스,소개글 키워드로 보충됨,(없음),현역,1차 검증완료,,
KR-031,KR,VIVIZ,팝/퍼포먼스,팝|퍼포먼스,2,,,,(없음),현역,1차 검증완료,,
KR-032,KR,Girls' Generation,레거시/팝,팝,1,레거시,,태그 1개 이하; 스타일 원문 일부가 태그로 안 옮겨짐,(없음),비정기/그룹·유닛 활동,공식확인(2026-09-28),,
KR-033,KR,OH MY GIRL,청순/몽환,청순|몽환|보컬,3,,보컬,소개글 키워드로 보충됨,(없음),현역(6인 그룹 활동),공식/보도확인(2026-09-28),,
KR-034,KR,KARA,레거시/팝,팝|퍼포먼스,2,레거시,퍼포먼스,스타일 원문 일부가 태그로 안 옮겨짐; 소개글 키워드로 보충됨,(없음),비정기/완전체 활동,1차 검증완료,,
KR-035,KR,Billlie,콘셉트/얼터,얼터너티브|실험적,2,콘셉트,실험적,스타일 원문 일부가 태그로 안 옮겨짐; 소개글 키워드로 보충됨,(없음),현역,1차 검증완료,,
KR-036,KR,H1-KEY,보컬/팝록,보컬|록|팝,3,,,,(없음),현역,1차 검증완료,,
KR-037,KR,TUIDE,소울트로닉/팝,일렉트로|R&B|팝,3,소울트로닉,일렉트로|R&B,스타일 원문 일부가 태그로 안 옮겨짐; 소개글 키워드로 보충됨,(없음),현역(2026-08-24 데뷔),공식/보도확인(2026-09-28),,
KR-038,KR,UNIS,하이틴/팝,청춘|팝,2,하이틴,청춘,스타일 원문 일부가 태그로 안 옮겨짐; 소개글 키워드로 보충됨,(없음),활동종료(2026-09-26 완전체 공식 활동 종료),공식/보도확인(2026-09-28),,
KR-039,KR,SAY MY NAME,청량/청순 팝,청춘|청순|팝,3,청량,청춘,스타일 원문 일부가 태그로 안 옮겨짐; 소개글 키워드로 보충됨,(없음),"현역(8인 공식 멤버 / Shuie 활동휴지, 7인 활동)",공식/보도확인(2026-09-28),,
KR-040,KR,EVERGLOW,걸크러시/EDM,걸크러시|일렉트로|퍼포먼스,3,,퍼포먼스,소개글 키워드로 보충됨,(없음),현역(4인 체제),공식/보도확인(2026-09-28),,
KR-041,KR,ifeye,드리미/틴팝,몽환|청춘|팝,3,드리미,몽환|청춘,스타일 원문 일부가 태그로 안 옮겨짐; 소개글 키워드로 보충됨,(없음),현역,1차 검증완료,,
KR-042,KR,AtHeart,팝/퍼포먼스,팝|퍼포먼스,2,,,,(없음),현역,1차 검증완료,,
KR-043,KR,YOUNG POSSE,힙합/개성,힙합|쿨,2,개성,쿨,스타일 원문 일부가 태그로 안 옮겨짐; 소개글 키워드로 보충됨,(없음),현역,1차 검증완료,,
KR-044,KR,BBGIRLS,레트로/팝,레트로|팝|보컬,3,,보컬,소개글 키워드로 보충됨,(없음),현역(3인 체제),1차 검증완료,,
KR-045,KR,BADVILLAIN,힙합/퍼포먼스,힙합|퍼포먼스,2,,,,(없음),현역,1차 검증완료,,
KR-046,KR,Baby DONT Cry,하이틴/팝,청춘|팝,2,하이틴,청춘,스타일 원문 일부가 태그로 안 옮겨짐; 소개글 키워드로 보충됨,(없음),현역,1차 검증완료,,
KR-047,KR,LIGHTSUM,팝/하이틴,팝|청춘|퍼포먼스,3,하이틴,청춘|퍼포먼스,스타일 원문 일부가 태그로 안 옮겨짐; 소개글 키워드로 보충됨,(없음),현역,1차 검증완료,,
KR-048,KR,MADEIN,글로벌/팝,글로벌|팝|퍼포먼스,3,,퍼포먼스,소개글 키워드로 보충됨,(없음),"현역(공식 명단 6인 / 현재 4인 활동, Yeseo·Suhye 활동중단)",공식확인(2026-09-28),,
KR-049,KR,Secret,레거시/팝,팝|레트로,2,레거시,레트로,스타일 원문 일부가 태그로 안 옮겨짐; 소개글 키워드로 보충됨,(없음),현역/재결합(3인),1차 검증완료,,
KR-050,KR,WOOAH,하이틴/팝,청춘|팝|퍼포먼스,3,하이틴,청춘|퍼포먼스,스타일 원문 일부가 태그로 안 옮겨짐; 소개글 키워드로 보충됨,(없음),현역,1차 검증완료,,
KR-051,KR,CLASS:y,퍼포먼스/팝,퍼포먼스|팝|보컬,3,,보컬,소개글 키워드로 보충됨,(없음),현역/리부트,1차 검증완료,,
KR-052,KR,WJSN,몽환/팝,몽환|팝|퍼포먼스,3,,퍼포먼스,소개글 키워드로 보충됨,(없음),비정기/10인 그룹 유지·소속 변동,공식/보도확인(2026-09-28),,
KR-053,KR,BLACKSWAN,글로벌/퍼포먼스,글로벌|퍼포먼스,2,,,,(없음),현역,1차 검증완료,,
KR-054,KR,HITGS,하이틴/팝,청춘|팝,2,하이틴,청춘,스타일 원문 일부가 태그로 안 옮겨짐; 소개글 키워드로 보충됨,(없음),현역,1차 검증완료,,
KR-055,KR,USPEER,퍼포먼스/힙합,퍼포먼스|힙합,2,,,,(없음),현역(6인 체제),공식/보도확인(2026-09-28),,
KR-056,KR,ODD YOUTH,하이틴/팝,청춘|팝,2,하이틴,청춘,스타일 원문 일부가 태그로 안 옮겨짐; 소개글 키워드로 보충됨,(없음),현역,1차 검증완료,,
KR-057,KR,VVUP,팝/퍼포먼스,팝|퍼포먼스|보컬,3,,보컬,소개글 키워드로 보충됨,(없음),현역,1차 검증완료,,
KR-058,KR,EXID,레거시/퍼포먼스,퍼포먼스|보컬,2,레거시,보컬,스타일 원문 일부가 태그로 안 옮겨짐; 소개글 키워드로 보충됨,(없음),비정기/완전체 공연,부분검증,,
KR-059,KR,SECRET NUMBER,글로벌/퍼포먼스,글로벌|퍼포먼스,2,,,,(없음),현역(4인 재편),1차 검증완료,,
KR-060,KR,ICHILLIN',팝/퍼포먼스,팝|퍼포먼스,2,,,,(없음),현역,1차 검증완료,,
KR-061,KR,Candy Shop,하이틴/팝,청춘|팝,2,하이틴,청춘,스타일 원문 일부가 태그로 안 옮겨짐; 소개글 키워드로 보충됨,(없음),현역(4인 체제),1차 검증완료,,
KR-062,KR,KIIRAS,글로벌/퍼포먼스,글로벌|퍼포먼스,2,,,,(없음),현역,1차 검증완료,,
KR-063,KR,Keyveatz,힙합/크루,힙합|퍼포먼스,2,크루,퍼포먼스,스타일 원문 일부가 태그로 안 옮겨짐; 소개글 키워드로 보충됨,(없음),2026 신인,1차 검증완료,,
KR-064,KR,ablume,보컬/팝,보컬|팝,2,,,,(없음),신생/특수 팬덤,1차 검증완료,,
KR-065,KR,H//PE Princess,힙합/글로벌,힙합|글로벌|퍼포먼스,3,,퍼포먼스,소개글 키워드로 보충됨,(없음),2026 신인,1차 검증완료,,
KR-066,KR,VVS,R&B/힙합,R&B|힙합|보컬,3,,보컬,소개글 키워드로 보충됨,(없음),현역/독립 4인 체제,1차 검증완료,,
KR-067,KR,GENBLUE,글로벌/팝,글로벌|팝|퍼포먼스,3,,퍼포먼스,소개글 키워드로 보충됨,(없음),현역(6인 / 한국·대만 활동),공식확인(2026-09-28),,
KR-068,KR,Girl's Day,레거시/팝,팝|퍼포먼스,2,레거시,퍼포먼스,스타일 원문 일부가 태그로 안 옮겨짐; 소개글 키워드로 보충됨,(없음),무기한 활동휴지/개별활동,부분검증,,
KR-069,KR,OURBIRTHDAY,팝/신인,팝,1,신인,,태그 1개 이하; 스타일 원문 일부가 태그로 안 옮겨짐,(없음),2026 신인,1차 검증완료,,
KR-070,KR,UDTT,팝/퍼포먼스,팝|퍼포먼스,2,,,,(없음),현역,1차 검증완료,,
KR-071,KR,CSR,청순/팝,청순|팝|청춘,3,,청춘,소개글 키워드로 보충됨,(없음),현역(7인),공식/보도확인(2026-09-28),,
KR-072,KR,Queenz Eye,R&B/퍼포먼스,R&B|퍼포먼스|보컬,3,,보컬,소개글 키워드로 보충됨,(없음),현역(6인 체제),1차 검증완료,,
KR-073,KR,PRIMROSE,팝/퍼포먼스,팝|퍼포먼스|몽환,3,,몽환,소개글 키워드로 보충됨,(없음),현역(4인 체제),1차 검증완료,,
KR-074,KR,SPIA,걸크러시/퍼포먼스,걸크러시|퍼포먼스,2,,,,(없음),활동종료 추정(공식 해체 공지 미확인),부분검증,,
KR-075,KR,X:IN,글로벌/퍼포먼스,글로벌|퍼포먼스,2,,,,(없음),현역,1차 검증완료,,
KR-076,KR,eite,팝/R&B,팝|R&B|보컬,3,,보컬,소개글 키워드로 보충됨,(없음),시즌1 종료 / 시즌2 미가동,1차 검증완료,,
KR-077,KR,HEART OF WOMAN,R&B/퍼포먼스,R&B|퍼포먼스|보컬,3,,보컬,소개글 키워드로 보충됨,(없음),현역,1차 검증완료,,
KR-078,KR,ILY:1,청순/팝,청순|팝,2,,,,(없음),현역/재정비,공식/보도확인(2026-09-28),,
KR-079,KR,UNCHILD,일렉트로/개성,일렉트로|실험적,2,개성,실험적,스타일 원문 일부가 태그로 안 옮겨짐; 소개글 키워드로 보충됨,(없음),2026 신인/컴백,1차 검증완료,,
KR-080,KR,NAVILLERA,글로벌/팝,글로벌|팝|퍼포먼스,3,,퍼포먼스,소개글 키워드로 보충됨,(없음),현역(5인 체제),1차 검증완료,,
KR-081,KR,BEWAVE,청순/팝,청순|팝|보컬,3,,보컬,소개글 키워드로 보충됨,(없음),3인 재편 후 장기 공백(활동상태 확인 필요),부분검증,,
KR-082,KR,CrazAngel,걸크러시/퍼포먼스,걸크러시|퍼포먼스,2,,,,(없음),현역,1차 검증완료,,
KR-083,KR,UNICODE,시티팝/J-POP 감성,레트로|팝,2,J-POP 감성,레트로,스타일 원문 일부가 태그로 안 옮겨짐; 소개글 키워드로 보충됨,(없음),활동 확인 필요(최근 소수 인원 활동 기록),부분검증,,
KR-084,KR,Geenius,팝/보컬,팝|보컬,2,,,,(없음),현역,1차 검증완료,,
KR-085,KR,Kandis,R&B/네오소울/힙합,R&B|힙합|보컬,3,네오소울,보컬,스타일 원문 일부가 태그로 안 옮겨짐; 소개글 키워드로 보충됨,(없음),현역(4인 체제 유지 / Nine 활동휴지),부분검증(2026-09-28),,
KR-086,KR,dodree,K-크로스오버,실험적,1,K-크로스오버,실험적,태그 1개 이하; 스타일 원문 일부가 태그로 안 옮겨짐; 소개글 키워드로 보충됨,(없음),2026 신인,1차 검증완료,,
JP-001,JP,=LOVE,왕도/청순,왕도|청순,2,,,,메이저,현역,공식/부분검증,,
JP-002,JP,乃木坂46,왕도/청순,왕도|청순|퍼포먼스,3,,퍼포먼스,소개글 키워드로 보충됨,메이저,현역,공식/인원변동형,,
JP-003,JP,FRUITS ZIPPER,카와이/팝,카와이|팝,2,,,,메이저,현역,공식확인,,
JP-004,JP,HANA,보컬/힙합/퍼포먼스,보컬|힙합|퍼포먼스,3,,,,메이저,현역,공식확인,,
JP-005,JP,NiziU,팝/퍼포먼스,팝|퍼포먼스,2,,,,메이저,현역,공식확인,,
JP-006,JP,CUTIE STREET,카와이/왕도,카와이|왕도,2,,,,메이저,현역,부분검증,,
JP-007,JP,櫻坂46,쿨/퍼포먼스,쿨|퍼포먼스,2,,,,메이저,현역,공식확인,,
JP-008,JP,日向坂46,왕도/청춘,왕도|청춘,2,,,,메이저,현역,공식확인,,
JP-009,JP,AKB48,왕도/극장형,왕도,1,극장형,,태그 1개 이하; 스타일 원문 일부가 태그로 안 옮겨짐,메이저,현역,공식/인원변동형,,
JP-010,JP,iLiFE!,카와이/라이브,카와이,1,라이브,,태그 1개 이하; 스타일 원문 일부가 태그로 안 옮겨짐,라이브,현역,공식확인,,
JP-011,JP,超ときめき♡宣伝部,왕도/카와이,왕도|카와이,2,,,,메이저,현역,공식확인,,
JP-012,JP,CANDY TUNE,카와이/팝,카와이|팝,2,,,,메이저,현역,부분검증,,
JP-013,JP,ME:I,퍼포먼스/팝,퍼포먼스|팝,2,,,,메이저,현역,공식/부분검증,,
JP-014,JP,i☆Ris,애니송/퍼포먼스,서브컬처|퍼포먼스,2,애니송,서브컬처,스타일 원문 일부가 태그로 안 옮겨짐; 소개글 키워드로 보충됨,성우·2.5D,현역,공식확인,,
JP-015,JP,≠ME,왕도/청순,왕도|청순,2,,,,메이저,현역,부분검증,,
JP-016,JP,いぎなり東北産,왕도/로컬,왕도,1,로컬,,태그 1개 이하; 스타일 원문 일부가 태그로 안 옮겨짐,라이브,현역,공식확인,,
JP-017,JP,モーニング娘。'26,왕도/퍼포먼스,왕도|퍼포먼스,2,,,,메이저,현역,공식확인,,
JP-018,JP,ももいろクローバーZ,왕도/라이브,왕도,1,라이브,,태그 1개 이하; 스타일 원문 일부가 태그로 안 옮겨짐,메이저,현역,공식확인,,
JP-019,JP,Juice=Juice,보컬/왕도,보컬|왕도,2,,,,메이저,현역,공식확인,,
JP-020,JP,SWEET STEADY,카와이/왕도,카와이|왕도,2,,,,라이브,현역,공식확인,,
JP-021,JP,≒JOY,왕도/청춘,왕도|청춘,2,,,,메이저,현역,공식확인,,
JP-022,JP,HKT48,왕도/극장형,왕도,1,극장형,,태그 1개 이하; 스타일 원문 일부가 태그로 안 옮겨짐,메이저,현역,공식/인원변동형,,
JP-023,JP,高嶺のなでしこ,왕도/카와이,왕도|카와이|퍼포먼스,3,,퍼포먼스,소개글 키워드로 보충됨,메이저,현역,부분검증,,
JP-024,JP,PassCode,록/라우드/EDM,록|일렉트로|퍼포먼스,3,라우드,퍼포먼스,스타일 원문 일부가 태그로 안 옮겨짐; 소개글 키워드로 보충됨,메이저,현역,부분검증,,
JP-025,JP,アンジュルム,왕도/퍼포먼스,왕도|퍼포먼스,2,,,,메이저,현역,공식확인,,
JP-026,JP,WHITE SCORPION,쿨/퍼포먼스,쿨|퍼포먼스,2,,,,라이브,현역,공식확인,,
JP-027,JP,ファントムシータ,레트로호러/콘셉트,다크|레트로|보컬,3,콘셉트,다크|보컬,스타일 원문 일부가 태그로 안 옮겨짐; 소개글 키워드로 보충됨,메이저,현역,공식확인,,
JP-028,JP,MORE STAR,카와이/신인,카와이,1,신인,,태그 1개 이하; 스타일 원문 일부가 태그로 안 옮겨짐,라이브,현역,공식확인,,
JP-029,JP,Rain Tree,왕도/신인,왕도,1,신인,,태그 1개 이하; 스타일 원문 일부가 태그로 안 옮겨짐,라이브,현역,부분검증,,
JP-030,JP,SKE48,왕도/극장형,왕도|퍼포먼스,2,극장형,퍼포먼스,스타일 원문 일부가 태그로 안 옮겨짐; 소개글 키워드로 보충됨,메이저,현역,공식/인원변동형,,
JP-031,JP,わーすた,카와이/글로벌,카와이|글로벌,2,,,,메이저,현역,부분검증,,
JP-032,JP,私立恵比寿中学,왕도/청춘,왕도|청춘,2,,,,메이저,현역,공식확인,,
JP-033,JP,Merry BAD TUNE.,카와이/록,카와이|록,2,,,,라이브,현역,부분검증,,
JP-034,JP,つばきファクトリー,왕도/보컬,왕도|보컬|청춘,3,,청춘,소개글 키워드로 보충됨,메이저,현역,공식확인,,
JP-035,JP,Devil ANTHEM.,록/EDM/퍼포먼스,록|일렉트로|퍼포먼스,3,,,,라이브,현역,공식확인,,
JP-036,JP,Girls²,댄스/퍼포먼스,퍼포먼스,1,댄스,,태그 1개 이하; 스타일 원문 일부가 태그로 안 옮겨짐,메이저,현역,공식확인,,
JP-037,JP,可憐なアイボリー,왕도/카와이,왕도|카와이,2,,,,라이브,현역,공식확인,,
JP-038,JP,INUWASI,록/エモ/퍼포먼스,록|얼터너티브|퍼포먼스,3,エモ,얼터너티브,스타일 원문 일부가 태그로 안 옮겨짐; 소개글 키워드로 보충됨,라이브,현역,공식확인,,
JP-039,JP,Palette Parade,왕도/컬러팝,왕도|카와이|팝,3,,카와이,소개글 키워드로 보충됨,라이브,현역,공식확인,,
JP-040,JP,JamsCollection,왕도/카와이,왕도|카와이,2,,,,라이브,현역,공식/부분검증,,
JP-041,JP,NMB48,왕도/극장형,왕도,1,극장형,,태그 1개 이하; 스타일 원문 일부가 태그로 안 옮겨짐,메이저,현역,공식/인원변동형,,
JP-042,JP,OCHA NORMA,왕도/퍼포먼스,왕도|퍼포먼스,2,,,,메이저,현역,공식확인,,
JP-043,JP,@onefive,댄스/팝,퍼포먼스|팝,2,댄스,퍼포먼스,스타일 원문 일부가 태그로 안 옮겨짐; 소개글 키워드로 보충됨,메이저,현역,부분검증,,
JP-044,JP,AVAM,카와이/콘셉트,카와이,1,콘셉트,,태그 1개 이하; 스타일 원문 일부가 태그로 안 옮겨짐,라이브,현역,부분검증,,
JP-045,JP,ExWHYZ,댄스/전자,퍼포먼스|일렉트로,2,댄스|전자,퍼포먼스|일렉트로,스타일 원문 일부가 태그로 안 옮겨짐; 소개글 키워드로 보충됨,메이저,활동종료(2026-08-31 해산),공식확인,,
JP-046,JP,IS:SUE,쿨/퍼포먼스,쿨|퍼포먼스,2,,,,메이저,현역,부분검증,,
JP-047,JP,NGT48,왕도/극장형,왕도,1,극장형,,태그 1개 이하; 스타일 원문 일부가 태그로 안 옮겨짐,메이저,현역,공식확인,,
JP-048,JP,fav me,카와이/왕도,카와이|왕도,2,,,,라이브,현역,부분검증,,
JP-049,JP,きゅるりんってしてみて,카와이/서브컬처,카와이|서브컬처,2,,,,라이브,현역,공식확인,,
JP-050,JP,虹のコンキスタドール,왕도/서브컬처,왕도|서브컬처|청춘,3,,청춘,소개글 키워드로 보충됨,라이브,현역,부분검증,,
JP-051,JP,Appare!,왕도/축제형,왕도,1,축제형,,태그 1개 이하; 스타일 원문 일부가 태그로 안 옮겨짐,라이브,현역,공식확인,,
JP-052,JP,NANIMONO,서브컬처/인キャ,서브컬처,1,인キャ,,태그 1개 이하; 스타일 원문 일부가 태그로 안 옮겨짐,라이브,현역,부분검증,,
JP-053,JP,STU48,왕도/극장형,왕도|청춘,2,극장형,청춘,스타일 원문 일부가 태그로 안 옮겨짐; 소개글 키워드로 보충됨,메이저,현역,공식/인원변동형,,
JP-054,JP,ばってん少女隊,로컬/댄스,퍼포먼스,1,로컬|댄스,퍼포먼스,태그 1개 이하; 스타일 원문 일부가 태그로 안 옮겨짐; 소개글 키워드로 보충됨,메이저,현역,공식확인,,
JP-055,JP,タイトル未定,청순/에모,청순|얼터너티브,2,에모,얼터너티브,스타일 원문 일부가 태그로 안 옮겨짐; 소개글 키워드로 보충됨,라이브,현역,부분검증,,
JP-056,JP,僕が見たかった青空,왕도/청춘,왕도|청춘,2,,,,메이저,현역,공식/부분검증,,
JP-057,JP,22/7,성우/디지털아이돌,서브컬처|청춘,2,성우|디지털아이돌,서브컬처|청춘,스타일 원문 일부가 태그로 안 옮겨짐; 소개글 키워드로 보충됨,성우·2.5D,현역,부분검증,,
JP-058,JP,のんふぃく！,카와이/라이브,카와이,1,라이브,,태그 1개 이하; 스타일 원문 일부가 태그로 안 옮겨짐,라이브,현역,공식확인,,
JP-059,JP,最終未来少女,전자/퓨처팝,일렉트로|팝,2,전자,일렉트로,스타일 원문 일부가 태그로 안 옮겨짐; 소개글 키워드로 보충됨,라이브,현역,부분검증,,
JP-060,JP,BEYOOOOONDS,연극형/팝,왕도|팝|실험적,3,연극형,왕도|실험적,스타일 원문 일부가 태그로 안 옮겨짐; 소개글 키워드로 보충됨,메이저,현역,공식확인,,
JP-061,JP,CYNHN,보컬/블루,보컬,1,블루,,태그 1개 이하; 스타일 원문 일부가 태그로 안 옮겨짐,라이브,현역,부분검증,,
JP-062,JP,GANG PARADE,얼터/퍼포먼스,얼터너티브|퍼포먼스,2,,,,라이브,해산예정(2026-10-29 마지막 라이브),공식확인,,
JP-063,JP,SUPER☆GiRLS,왕도/카와이,왕도|카와이|청춘,3,,청춘,소개글 키워드로 보충됨,메이저,현역,공식확인,,
JP-064,JP,夜光性アミューズ,왕도/라이브,왕도,1,라이브,,태그 1개 이하; 스타일 원문 일부가 태그로 안 옮겨짐,라이브 아이돌,현역,공식/부분검증,,
JP-065,JP,iScream,댄스/보컬,퍼포먼스|보컬|R&B,3,댄스,퍼포먼스|R&B,스타일 원문 일부가 태그로 안 옮겨짐; 소개글 키워드로 보충됨,메이저,현역,공식확인,,
JP-066,JP,yosugala,록/얼터,록|얼터너티브|밴드,3,,밴드,소개글 키워드로 보충됨,라이브 아이돌,현역,공식확인,,
JP-067,JP,UtaGe!,왕도/라이브,왕도,1,라이브,,태그 1개 이하; 스타일 원문 일부가 태그로 안 옮겨짐,라이브 아이돌,현역,공식확인,,
JP-068,JP,アンスリューム,왕도/라이브,왕도,1,라이브,,태그 1개 이하; 스타일 원문 일부가 태그로 안 옮겨짐,라이브 아이돌,현역,공식/부분검증,,
JP-069,JP,フィロソフィーのダンス,왕도/라이브,왕도|보컬|퍼포먼스,3,라이브,보컬|퍼포먼스,스타일 원문 일부가 태그로 안 옮겨짐; 소개글 키워드로 보충됨,메이저,활동종료(2026-06-13),공식확인,,
JP-070,JP,ラフ×ラフ,왕도/라이브,왕도,1,라이브,,태그 1개 이하; 스타일 원문 일부가 태그로 안 옮겨짐,라이브 아이돌,현역,공식확인,,
JP-071,JP,手羽先センセーション,왕도/라이브,왕도,1,라이브,,태그 1개 이하; 스타일 원문 일부가 태그로 안 옮겨짐,라이브 아이돌,현역,공식/부분검증,,
JP-072,JP,FES☆TIVE,왕도/라이브,왕도,1,라이브,,태그 1개 이하; 스타일 원문 일부가 태그로 안 옮겨짐,라이브 아이돌,현역,공식확인,,
JP-073,JP,MyDearDarlin',왕도/라이브,왕도|청순,2,라이브,청순,스타일 원문 일부가 태그로 안 옮겨짐; 소개글 키워드로 보충됨,라이브 아이돌,현역,공식확인,,
JP-074,JP,ロージークロニクル,왕도/라이브,왕도|퍼포먼스,2,라이브,퍼포먼스,스타일 원문 일부가 태그로 안 옮겨짐; 소개글 키워드로 보충됨,메이저,현역,공식확인,,
JP-075,JP,Task have Fun,왕도/라이브,왕도,1,라이브,,태그 1개 이하; 스타일 원문 일부가 태그로 안 옮겨짐,라이브 아이돌,현역,공식확인,,
JP-076,JP,なみだ色の消しごむ,왕도/라이브,왕도|청순,2,라이브,청순,스타일 원문 일부가 태그로 안 옮겨짐; 소개글 키워드로 보충됨,라이브 아이돌,현역,공식/부분검증,,
JP-077,JP,#Mooove!,왕도/라이브,왕도,1,라이브,,태그 1개 이하; 스타일 원문 일부가 태그로 안 옮겨짐,라이브 아이돌,현역(久喜なほ 2026년 내 졸업예정),공식확인,,
JP-078,JP,AsIs,왕도/라이브,왕도,1,라이브,,태그 1개 이하; 스타일 원문 일부가 태그로 안 옮겨짐,라이브 아이돌,현역,공식확인,,
JP-079,JP,衛星とカラテア,왕도/라이브,왕도|몽환,2,라이브,몽환,스타일 원문 일부가 태그로 안 옮겨짐; 소개글 키워드로 보충됨,라이브 아이돌,현역,공식/부분검증,,
JP-080,JP,NEO JAPONISM,록/얼터,록|얼터너티브|밴드,3,,밴드,소개글 키워드로 보충됨,라이브 아이돌,현역,공식/부분검증,,
JP-081,JP,Peel the Apple,왕도/라이브,왕도|청순,2,라이브,청순,스타일 원문 일부가 태그로 안 옮겨짐; 소개글 키워드로 보충됨,라이브 아이돌,현역,공식/부분검증,,
JP-082,JP,ドラマチックレコード,왕도/라이브,왕도,1,라이브,,태그 1개 이하; 스타일 원문 일부가 태그로 안 옮겨짐,라이브 아이돌,현역,추가검증필요,,
JP-083,JP,GILTY x GILTY,왕도/라이브,왕도|카와이|퍼포먼스,3,라이브,카와이|퍼포먼스,스타일 원문 일부가 태그로 안 옮겨짐; 소개글 키워드로 보충됨,라이브 아이돌,현역,부분검증,,
JP-084,JP,MYERA,댄스/보컬,퍼포먼스|보컬,2,댄스,퍼포먼스,스타일 원문 일부가 태그로 안 옮겨짐; 소개글 키워드로 보충됨,라이브 아이돌,현역,추가검증필요,,
JP-085,JP,THE ORCHESTRA TOKYO,록/얼터,록|얼터너티브|퍼포먼스,3,,퍼포먼스,소개글 키워드로 보충됨,라이브 아이돌,현역,공식확인,,
JP-086,JP,KiSS KiSS,왕도/카와이,왕도|카와이|퍼포먼스,3,,퍼포먼스,소개글 키워드로 보충됨,메이저,해산예정(2026년 내),1차 검증완료,,
JP-087,JP,LinQ,왕도/라이브,왕도,1,라이브,,태그 1개 이하; 스타일 원문 일부가 태그로 안 옮겨짐,로컬,현역,공식확인,,
JP-088,JP,TENRIN,왕도/라이브,왕도,1,라이브,,태그 1개 이하; 스타일 원문 일부가 태그로 안 옮겨짐,라이브 아이돌,현역,부분검증,,
JP-089,JP,#よーよーよー,왕도/라이브,왕도,1,라이브,,태그 1개 이하; 스타일 원문 일부가 태그로 안 옮겨짐,라이브 아이돌,현역,공식확인,,
JP-090,JP,STAiNY,왕도/라이브,왕도,1,라이브,,태그 1개 이하; 스타일 원문 일부가 태그로 안 옮겨짐,라이브 아이돌,현역,공식/부분검증,,
JP-091,JP,THE ENCORE,왕도/라이브,왕도|퍼포먼스,2,라이브,퍼포먼스,스타일 원문 일부가 태그로 안 옮겨짐; 소개글 키워드로 보충됨,라이브 아이돌,현역,추가검증필요,,
JP-092,JP,UN1CON,댄스/보컬,퍼포먼스|보컬,2,댄스,퍼포먼스,스타일 원문 일부가 태그로 안 옮겨짐; 소개글 키워드로 보충됨,라이브 아이돌,현역,공식확인,,
JP-093,JP,ジエメイ,록/얼터,록|얼터너티브|퍼포먼스,3,,퍼포먼스,소개글 키워드로 보충됨,라이브 아이돌,현역,추가검증필요,,
JP-094,JP,純情のアフィリア,왕도/라이브,왕도|서브컬처,2,라이브,서브컬처,스타일 원문 일부가 태그로 안 옮겨짐; 소개글 키워드로 보충됨,라이브 아이돌,현역,공식확인,,
JP-095,JP,SITUASION,록/얼터,록|얼터너티브|실험적,3,,실험적,소개글 키워드로 보충됨,라이브 아이돌,현역,공식/부분검증,,
JP-096,JP,アップアップガールズ（仮）,왕도/라이브,왕도|퍼포먼스,2,라이브,퍼포먼스,스타일 원문 일부가 태그로 안 옮겨짐; 소개글 키워드로 보충됨,메이저,현역,공식확인,,
JP-097,JP,二丁目の魁カミングアウト,왕도/라이브,왕도,1,라이브,,태그 1개 이하; 스타일 원문 일부가 태그로 안 옮겨짐,라이브 아이돌,현역,공식확인,,
JP-098,JP,CiON,왕도/라이브,왕도|퍼포먼스,2,라이브,퍼포먼스,스타일 원문 일부가 태그로 안 옮겨짐; 소개글 키워드로 보충됨,메이저,현역,추가검증필요,,
JP-099,JP,chuLa,왕도/라이브,왕도|카와이,2,라이브,카와이,스타일 원문 일부가 태그로 안 옮겨짐; 소개글 키워드로 보충됨,라이브 아이돌,현역(はまちひよ 무기한 활동휴지),공식/부분검증,,
JP-100,JP,きのホ。,왕도/라이브,왕도,1,라이브,,태그 1개 이하; 스타일 원문 일부가 태그로 안 옮겨짐,로컬,현역,공식확인,,
JP-101,JP,カラフルスクリーム,왕도/라이브,왕도,1,라이브,,태그 1개 이하; 스타일 원문 일부가 태그로 안 옮겨짐,로컬,현역,공식확인,,
JP-102,JP,クマリデパート,왕도/라이브,왕도|서브컬처,2,라이브,서브컬처,스타일 원문 일부가 태그로 안 옮겨짐; 소개글 키워드로 보충됨,라이브 아이돌,현역(小田アヤネ 졸업예정),공식확인,,
JP-103,JP,マジカル・パンチライン,왕도/라이브,왕도,1,라이브,,태그 1개 이하; 스타일 원문 일부가 태그로 안 옮겨짐,라이브 아이돌,현역,공식확인,,
JP-104,JP,Ma'Scar'Piece,왕도/라이브,왕도,1,라이브,,태그 1개 이하; 스타일 원문 일부가 태그로 안 옮겨짐,라이브 아이돌,현역,공식/부분검증,,
JP-105,JP,PIGGS,록/얼터,록|얼터너티브|퍼포먼스,3,,퍼포먼스,소개글 키워드로 보충됨,메이저,해산예정(2026-10-12 마지막 라이브),공식확인,,
JP-106,JP,Sweet Alley,왕도/라이브,왕도,1,라이브,,태그 1개 이하; 스타일 원문 일부가 태그로 안 옮겨짐,라이브 아이돌,현역,공식확인,,
JP-107,JP,fishbowl,왕도/라이브,왕도,1,라이브,,태그 1개 이하; 스타일 원문 일부가 태그로 안 옮겨짐,로컬,현역,공식확인,,
JP-108,JP,アップアップガールズ（2）,왕도/라이브,왕도,1,라이브,,태그 1개 이하; 스타일 원문 일부가 태그로 안 옮겨짐,라이브 아이돌,현역,공식확인,,
JP-109,JP,キングサリ,왕도/라이브,왕도|퍼포먼스,2,라이브,퍼포먼스,스타일 원문 일부가 태그로 안 옮겨짐; 소개글 키워드로 보충됨,라이브 아이돌,현역,공식/부분검증,,
JP-110,JP,ハルニシオン,왕도/라이브,왕도,1,라이브,,태그 1개 이하; 스타일 원문 일부가 태그로 안 옮겨짐,라이브 아이돌,현역,공식/부분검증,,
JP-111,JP,君に、胸キュン。,왕도/라이브,왕도,1,라이브,,태그 1개 이하; 스타일 원문 일부가 태그로 안 옮겨짐,라이브 아이돌,현역,공식/부분검증,,
JP-112,JP,KRD8,왕도/라이브,왕도,1,라이브,,태그 1개 이하; 스타일 원문 일부가 태그로 안 옮겨짐,로컬,현역,공식확인,,
JP-113,JP,NUANCE,왕도/라이브,왕도,1,라이브,,태그 1개 이하; 스타일 원문 일부가 태그로 안 옮겨짐,라이브 아이돌,현역,추가검증필요,,
JP-114,JP,さよならステイチューン,왕도/라이브,왕도|서브컬처,2,라이브,서브컬처,스타일 원문 일부가 태그로 안 옮겨짐; 소개글 키워드로 보충됨,라이브 아이돌,현역,공식/부분검증,,
JP-115,JP,透色ドロップ,왕도/라이브,왕도|청순,2,라이브,청순,스타일 원문 일부가 태그로 안 옮겨짐; 소개글 키워드로 보충됨,라이브 아이돌,현역,공식확인,,
JP-116,JP,Gran☆Ciel,왕도/라이브,왕도|실험적,2,라이브,실험적,스타일 원문 일부가 태그로 안 옮겨짐; 소개글 키워드로 보충됨,라이브 아이돌,현역,공식확인,,
JP-117,JP,かすみ草とステラ,왕도/라이브,왕도|청춘,2,라이브,청춘,스타일 원문 일부가 태그로 안 옮겨짐; 소개글 키워드로 보충됨,라이브 아이돌,현역,공식/부분검증,,
JP-118,JP,すーぱーぷーばぁー!!,왕도/라이브,왕도,1,라이브,,태그 1개 이하; 스타일 원문 일부가 태그로 안 옮겨짐,라이브 아이돌,현역(星宮ゆりか 활동휴지),공식확인,,
JP-119,JP,点染テンセイ少女。,왕도/라이브,왕도|퍼포먼스,2,라이브,퍼포먼스,스타일 원문 일부가 태그로 안 옮겨짐; 소개글 키워드로 보충됨,라이브 아이돌,현역,공식확인,,
JP-120,JP,DREAMING MONSTER,왕도/라이브,왕도,1,라이브,,태그 1개 이하; 스타일 원문 일부가 태그로 안 옮겨짐,라이브 아이돌,현역,공식확인,,
JP-121,JP,Kolokol,왕도/라이브,왕도,1,라이브,,태그 1개 이하; 스타일 원문 일부가 태그로 안 옮겨짐,라이브 아이돌,현역,공식/부분검증,,
JP-122,JP,PinkySpice,왕도/라이브,왕도,1,라이브,,태그 1개 이하; 스타일 원문 일부가 태그로 안 옮겨짐,라이브 아이돌,현역,공식확인,,
JP-123,JP,Ringwanderung,록/얼터,록|얼터너티브,2,,,,라이브 아이돌,현역,공식/부분검증,,
JP-124,JP,ルルネージュ,왕도/라이브,왕도,1,라이브,,태그 1개 이하; 스타일 원문 일부가 태그로 안 옮겨짐,라이브 아이돌,현역,공식확인,,
JP-125,JP,SAI²Rium,왕도/라이브,왕도,1,라이브,,태그 1개 이하; 스타일 원문 일부가 태그로 안 옮겨짐,라이브 아이돌,현역,공식/부분검증,,
JP-126,JP,Bunny La Crew,왕도/라이브,왕도,1,라이브,,태그 1개 이하; 스타일 원문 일부가 태그로 안 옮겨짐,라이브 아이돌,"현역(2026-09 멤버 변동, 현 인원 추가확인필요)",공식/인원변동형,,
